"id","date","timepoint","site","treat","group","CO2.flux.mass","CO2.flux.area","CO2.mol.rate","CO2.r2","CH4.flux.mass","CH4.flux.area","CH4.mol.rate","CH4.r2"
"HFUDA1","2016-06-20","time_0","HFUD","A","HFUDA",-0.0978476870331378,-0.000192672890290303,-7.93426962215467e-07,0.98315389665417,1.95622807840813e-08,3.8520288967719e-08,1.58626549969067e-10,0.059887338998063
"HFUDA2","2016-06-20","time_0","HFUD","A","HFUDA",-0.0286859288254568,-5.65018834455332e-05,-2.32674756028706e-07,0.882344256120241,6.97693883511505e-09,1.37422841444984e-08,5.65907261070443e-11,0.0149064588736432
"HFUDA3","2016-06-20","time_0","HFUD","A","HFUDA",-0.0035931560427546,-7.06522169919976e-06,-2.90945829573046e-08,0.0707925439445399,2.15123435489206e-08,4.22997149675567e-08,1.74190226236399e-10,0.116927856215224
"HFUDB1","2016-06-20","time_0","HFUD","B","HFUDB",-0.0377670713811914,-7.42826113240362e-05,-3.05895793432381e-07,0.907754615328726,-1.22978435363432e-08,-2.41881591059492e-08,-9.96068391982987e-11,0.0234854254733968
"HFUDB2","2016-06-20","time_0","HFUD","B","HFUDB",-0.0406864232702509,-8.01617973273554e-05,-3.3010628139405e-07,0.892816820565321,3.17623754025476e-09,6.25793297863092e-09,2.57701680060021e-11,0.00236131263943433
"HFUDB3","2016-06-20","time_0","HFUD","B","HFUDB",-0.0141381739691079,-2.78396242635005e-05,-1.14643572717095e-07,0.593529963074227,2.39555974740731e-08,4.71712141994485e-08,1.94251060073329e-10,0.162226379656727
"HFUDC1","2016-06-20","time_0","HFUD","C","HFUDC",-0.0211863424312393,-4.168251764461e-05,-1.71648607660504e-07,0.752023995438235,-1.31426642707101e-09,-2.58571925351917e-09,-1.0647991885992e-11,0.00048279007537961
"HFUDC2","2016-06-20","time_0","HFUD","C","HFUDC",-0.173333031228352,-0.000340434953092038,-1.40191113683301e-06,0.990274213627366,1.31161321388844e-08,2.57607554532844e-08,1.06082790956625e-10,0.049774489014851
"HFUDC3","2016-06-20","time_0","HFUD","C","HFUDC",-0.275286972382027,-0.000542070418181156,-2.23224598207e-06,0.99391399609059,3.27509737729652e-08,6.44902804347541e-08,2.65570974830318e-10,0.240406461117865
"HFUHA1","2016-06-20","time_0","HFUH","A","HFUHA",-0.144251515078912,-0.000284128233790961,-1.17004006675118e-06,0.98655607434654,7.38128778164062e-09,1.45387191209262e-08,5.98704453399739e-11,0.0119851961922839
"HFUHA2","2016-06-20","time_0","HFUH","A","HFUHA",-0.0943729763942277,-0.000185883850757612,-7.65469697419847e-07,0.958893650608323,1.21448186768661e-08,2.39213146460316e-08,9.85079737123582e-11,0.0141152729227752
"HFUHA3","2016-06-20","time_0","HFUH","A","HFUHA",-0.026706567780731,-5.25431412411176e-05,-2.16372655630922e-07,0.80634982541585,2.7572022970307e-11,5.42458585141534e-11,2.23384445361284e-13,2.13812349567442e-07
"HFUHB1","2016-06-20","time_0","HFUH","B","HFUHB",-0.41268556060683,-0.000974544929279142,-4.01317601877151e-06,0.998587116506764,9.44372231855246e-09,2.23010751467355e-08,9.18358274542567e-11,0.0545758514717423
"HFUHB2","2016-06-20","time_0","HFUH","B","HFUHB",-0.238911184480347,-0.000470442478838756,-1.937282127858e-06,0.990434214072593,4.45407997560831e-08,8.77057484449251e-08,3.61172272096202e-10,0.154236666311665
"HFUHB3","2016-06-20","time_0","HFUH","B","HFUHB",-0.0504850963829537,-9.93823455364793e-05,-4.09256498919222e-07,0.894940602704277,1.10891866465254e-08,2.18295983960054e-08,8.98942861947503e-11,0.0224241159049887
"HFUHC1","2016-06-20","time_0","HFUH","C","HFUHC",-0.00752286348495912,-1.48091193609845e-05,-6.09839535285343e-08,0.311886967525468,-7.78617901600202e-09,-1.53274686752599e-08,-6.31185160047201e-11,0.0183339981204856
"HFUHC2","2016-06-20","time_0","HFUH","C","HFUHC",0.00473587777631386,9.32546580191494e-06,3.84022681722857e-08,0.107968600761469,1.5500572039336e-08,3.05223363630504e-08,1.25690981143042e-10,0.0767727735233275
"HFUHC3","2016-06-20","time_0","HFUH","C","HFUHC",0.0102422885986049,2.01336517352237e-05,8.29103778456511e-08,0.518945029370117,2.27572344565867e-08,4.47347512808962e-08,1.8421770577473e-10,0.11028063120631
"HFLDA1","2016-06-20","time_0","HFLD","A","HFLDA",0.00107281957412242,7.23062407459564e-07,2.97757099391848e-09,0.000456236178263333,-5.98224629170164e-08,-4.03193371003896e-08,-1.66035030179404e-10,0.0719964148831646
"HFLDA2","2016-06-20","time_0","HFLD","A","HFLDA",0.00307549727523253,4.32546261592725e-06,1.78122550523884e-08,0.0302081063295106,6.75752545587815e-08,9.50396671490066e-08,3.91373349319609e-10,0.256517584635354
"HFLDA3","2016-06-20","time_0","HFLD","A","HFLDA",0.0484694273515933,3.26403357702458e-05,1.34412902701872e-07,0.765324345801077,7.01076604581469e-08,4.72119788175108e-08,1.94418928770509e-10,0.120609904372083
"HFLDB1","2016-06-20","time_0","HFLD","B","HFLDB",0.00509405888743208,3.43617376789709e-06,1.41501635762002e-08,0.0157849441603188,5.6382233958268e-08,3.80323741016864e-08,1.56617316550744e-10,0.146452940465745
"HFLDB2","2016-06-20","time_0","HFLD","B","HFLDB",0.0127286864588418,1.79234343686473e-05,7.38087027300895e-08,0.303264447149615,4.60658854861224e-08,6.48659920891213e-08,2.67118155423001e-10,0.262599466873825
"HFLDB3","2016-06-20","time_0","HFLD","B","HFLDB",0.0254237772471771,1.71494908849881e-05,7.06216034643808e-08,0.182546978576101,-3.91508048960047e-08,-2.64089936430877e-08,-1.08752235822235e-10,0.0220510887136456
"HFLDC1","2016-06-20","time_0","HFLD","C","HFLDC",0.0266205666664282,1.80016715794441e-05,7.41308835641507e-08,0.379445055181973,9.0275454883688e-08,6.1047126113605e-08,2.51392065335826e-10,0.269182553389535
"HFLDC2","2016-06-20","time_0","HFLD","C","HFLDC",-0.00377342933262228,-5.30705315317405e-06,-2.18544448847707e-08,0.0527567045980213,3.77985766197703e-08,5.31609412958158e-08,2.1891675625617e-10,0.453458224897723
"HFLDC3","2016-06-20","time_0","HFLD","C","HFLDC",0.0461930065030846,3.12371762312762e-05,1.28634691720395e-07,0.542290180630708,7.878284731231e-08,5.32754603303861e-08,2.1938834564053e-10,0.130560935049842
"HFLHA1","2016-06-20","time_0","HFLH","A","HFLHA",0.13532465276809,0.000190172116948303,7.83128777593111e-07,0.989953543948378,2.56223745674003e-08,3.60071953857167e-08,1.48277630598381e-10,0.0814394873261993
"HFLHA2","2016-06-20","time_0","HFLH","A","HFLHA",-0.00139216684302748,-1.95485086582542e-06,-8.05007586546909e-09,0.00702293227472704,4.15810994990517e-08,5.83872894005491e-08,2.40438857751461e-10,0.0595831227335182
"HFLHA3","2016-06-20","time_0","HFLH","A","HFLHA",-0.134111814521735,-0.000188241550679026,-7.7517870569623e-07,0.979340318760653,3.44348189651664e-08,4.83332787828619e-08,1.99036442027825e-10,0.0933384071471079
"HFLHB1","2016-06-20","time_0","HFLH","B","HFLHB",-0.146869788403586,-0.000206809321739575,-8.51640786923569e-07,0.995365836431442,7.23391065537768e-10,1.01861667564493e-09,4.19466347030581e-12,6.91980541297566e-05
"HFLHB2","2016-06-20","time_0","HFLH","B","HFLHB",-0.0687381258155382,-9.667516076129e-05,-3.98108312014992e-07,0.947270762230727,-9.64677958859885e-09,-1.35674919339408e-08,-5.58709317839683e-11,0.0182568809150839
"HFLHB3","2016-06-20","time_0","HFLH","B","HFLHB",0.0204669435624439,2.87852634286436e-05,1.18537714799154e-07,0.725621090633004,4.36055008056858e-08,6.13279566536175e-08,2.52548525499597e-10,0.173576380489743
"HFLHC1","2016-06-20","time_0","HFLH","C","HFLHC",0.0695544670972161,9.77841872010289e-05,4.02675282893837e-07,0.98328941770965,9.69779668837803e-09,1.36337924275726e-08,5.61439572167441e-11,0.0241343914526203
"HFLHC2","2016-06-20","time_0","HFLH","C","HFLHC",0.0197321437923277,2.77407292873044e-05,1.14236323205119e-07,0.610235734199329,-9.19618651484527e-09,-1.29285962675315e-08,-5.32399594296945e-11,0.010903806154168
"HFLHC3","2016-06-20","time_0","HFLH","C","HFLHC",-0.172152328879046,-0.000242313236105002,-9.97845906280397e-07,0.988914944504108,-2.30763982420966e-08,-3.24812145853625e-08,-1.33757641662523e-10,0.0556138659650653
"HBUDA1","2016-06-20","time_0","HBUD","A","HBUDA",-0.0390132106439496,-7.68651759816003e-05,-3.1653079469223e-07,0.91020281184864,5.77360520421348e-08,1.13753565201376e-07,4.68437181499265e-10,0.614121289012589
"HBUDA2","2016-06-20","time_0","HBUD","A","HBUDA",-0.0129382434599822,-2.54841015751633e-05,-1.04943530286523e-07,0.535194090182811,-1.79013562216953e-08,-3.52598080023678e-08,-1.45199889353751e-10,0.0723009917763308
"HBUDA3","2016-06-20","time_0","HBUD","A","HBUDA",-0.00907899759713005,-1.78571338749697e-05,-7.35356772971251e-08,0.408094518641289,2.99088724972306e-09,5.88266198463667e-09,2.42248020527338e-11,0.00288156008096486
"HBUDB1","2016-06-20","time_0","HBUD","B","HBUDB",-0.100861177070609,-0.000198550088422369,-8.17629264123315e-07,0.981538057854212,-1.93200116358879e-09,-3.80323741011006e-09,-1.56617316548332e-11,0.00102545573635652
"HBUDB2","2016-06-20","time_0","HBUD","B","HBUDB",-0.170602307031715,-0.000336222460816331,-1.38456409364165e-06,0.992148416957409,-1.77137620950942e-08,-3.49102235810939e-08,-1.43760300706945e-10,0.0926375951136631
"HBUDB3","2016-06-20","time_0","HBUD","B","HBUDB",-0.0853319668049163,-0.000168315857840944,-6.93124702589008e-07,0.992051570380185,3.96018796365768e-08,7.81140361897788e-08,3.21673601029509e-10,0.368073614582611
"HBUDC1","2016-06-20","time_0","HBUD","C","HBUDC",-0.118006930023664,-0.000232567666265855,-9.57713649682791e-07,0.986957662296478,-2.70049239120913e-09,-5.32212144715792e-09,-2.19164961193963e-11,0.00125744785892165
"HBUDC2","2016-06-20","time_0","HBUD","C","HBUDC",-0.0428867551553362,-8.4521074806298e-05,-3.48057786052335e-07,0.894809383212875,1.54108506901458e-08,3.03716534228967e-08,1.25070468795488e-10,0.0380747215631806
"HBUDC3","2016-06-20","time_0","HBUD","C","HBUDC",-0.0149379722879942,-2.94145153868538e-05,-1.21128974363064e-07,0.474827363528429,-2.76096287111981e-09,-5.43664048167749e-09,-2.23880855035479e-11,0.00359412054247168
"HBUHA1","2016-06-20","time_0","HBUH","A","HBUHA",-0.00851735364766327,-5.75970470548165e-06,-2.37184639771734e-08,0.0349322025398514,5.16959513985923e-08,3.49584421220447e-08,1.4395886465858e-10,0.0545558610272969
"HBUHA2","2016-06-20","time_0","HBUH","A","HBUHA",0.00875994110402837,5.91882589031111e-06,2.43737250163011e-08,0.04124983568064,7.52266632691828e-08,5.08283693819128e-08,2.09311225114717e-10,0.260944210786834
"HBUHA3","2016-06-20","time_0","HBUH","A","HBUHA",-0.00223652506494156,-1.50863759709511e-06,-6.21256962483767e-09,0.00348263951336073,-2.24277982935675e-09,-1.51285671938694e-09,-6.22994397043541e-12,0.000109798186538001
"HBUHB1","2016-06-20","time_0","HBUH","B","HBUHB",-0.0146356145053083,-9.90529375572866e-06,-4.07899996860906e-08,0.103719780543523,1.70009663445832e-08,1.15061493122325e-08,4.73823228677735e-11,0.0303524803960232
"HBUHB2","2016-06-20","time_0","HBUH","B","HBUHB",-0.0164687257584458,-1.11366747428916e-05,-4.58608265912274e-08,0.143865577472438,2.07496853199299e-08,1.40315953896374e-08,5.77821098145269e-11,0.00863690028084656
"HBUHB3","2016-06-20","time_0","HBUH","B","HBUHB",0.00750929150847207,5.06535771711731e-06,2.08591430790891e-08,0.0550732021341067,3.12112746776308e-08,2.10534204020498e-08,8.66979852156412e-11,0.0274311537462371
"HBUHC1","2016-06-20","time_0","HBUH","C","HBUHC",-0.0237920615982116,-1.60621986915237e-05,-6.61441342116947e-08,0.395044886399192,-3.30869377023114e-08,-2.23372390523965e-08,-9.19847504177686e-11,0.0228397334596214
"HBUHC2","2016-06-20","time_0","HBUH","C","HBUHC",-0.0349327182926184,-2.36029757499412e-05,-9.71970541382577e-08,0.555159823358957,5.32554464266343e-08,3.59830861151665e-08,1.48178348622256e-10,0.0790814966697434
"HBUHC3","2016-06-20","time_0","HBUH","C","HBUHC",-0.109579180858953,-7.38545308367759e-05,-3.04132957985843e-07,0.221449418986622,-6.17412994580645e-08,-4.16126007603359e-08,-1.71360689931063e-10,0.140944633532201
"HBLDA1","2016-06-20","time_0","HBLD","A","HBLDA",-0.0152927345903863,-3.0113081497515e-05,-1.24005669606767e-07,0.845515821210235,2.39426292440144e-08,4.71456783238124e-08,1.9414590333746e-10,0.175303197821439
"HBLDA2","2016-06-20","time_0","HBLD","A","HBLDA",0.0295360418779042,5.81431220299883e-05,2.39433376519492e-07,0.836651502134263,-1.46568772903936e-08,-2.8852769385848e-08,-1.18815704330922e-10,0.0937031292553381
"HBLDA3","2016-06-20","time_0","HBLD","A","HBLDA",0.0342941024233166,6.75481484243191e-05,2.78163275211346e-07,0.959272871019744,2.44529465927106e-08,4.81642949994029e-08,1.98340566807541e-10,0.113162165473095
"HBLDB1","2016-06-20","time_0","HBLD","B","HBLDB",0.026463333794739,5.20199700727847e-05,2.14218236759728e-07,0.851706346758773,-1.5327865137237e-08,-3.0130560718592e-08,-1.24077649039162e-10,0.0598019824583463
"HBLDB2","2016-06-20","time_0","HBLD","B","HBLDB",0.0828119088208461,0.000163158884896179,6.71888288002466e-07,0.980405984280375,6.24992075037755e-09,1.23138098715628e-08,5.07082690510957e-11,0.0075538993292463
"HBLDB3","2016-06-20","time_0","HBLD","B","HBLDB",0.0925180972780318,0.000181918308216949,7.49139593237396e-07,0.985125722988394,9.88868912635324e-09,1.94441266009118e-08,8.00709133425547e-11,0.0321666906722423
"HBLDC1","2016-06-20","time_0","HBLD","C","HBLDC",-0.148075242872445,-0.000291326780155301,-1.19968368067953e-06,0.989970770109466,2.82735777514694e-08,5.56261141972364e-08,2.2906833826422e-10,0.25491752374083
"HBLDC2","2016-06-20","time_0","HBLD","C","HBLDC",-0.00226325493007179,-4.45659863879079e-06,-1.83522731945405e-08,0.0228769380119471,2.73310836767813e-08,5.3817918915019e-08,2.21622190092048e-10,0.134548982463758
"HBLDC3","2016-06-20","time_0","HBLD","C","HBLDC",0.0147661578293498,2.91010948712632e-05,1.19838308679862e-07,0.623375209405231,2.93506517311235e-08,5.78441670766323e-08,2.38202280021572e-10,0.233948428202806
"HBLHA1","2016-06-20","time_0","HBLH","A","HBLHA",0.225213403231063,0.000442710453147781,1.82308164606256e-06,0.992860104717081,5.52624720746476e-08,1.08631518831644e-07,4.4734459454871e-10,0.370277800463947
"HBLHA2","2016-06-20","time_0","HBLH","A","HBLHA",0.155894290313592,0.000306710161406097,1.26303244467031e-06,0.995111555323668,2.56474596722139e-08,5.04594265761588e-08,2.07791918640622e-10,0.0545035954086713
"HBLHA3","2016-06-20","time_0","HBLH","A","HBLHA",0.0436692945314147,8.60387533798142e-05,3.54307586418075e-07,0.886843444766695,2.1050271504384e-08,4.14739724554271e-08,1.70789818571449e-10,0.0792363938313934
"HBLHB1","2016-06-20","time_0","HBLH","B","HBLHB",0.061568327237065,0.000121131001952656,4.98817466041036e-07,0.976159699453535,-1.84977638382412e-08,-3.63929437124752e-08,-1.49866142207973e-10,0.0747435425846932
"HBLHB2","2016-06-20","time_0","HBLH","B","HBLHB",0.0965443091492012,0.000190160665044835,7.83081618654632e-07,0.985078013532618,2.06186902942759e-08,4.06120660375085e-08,1.6724048794246e-10,0.0909432190804044
"HBLHB3","2016-06-20","time_0","HBLH","B","HBLHB",0.0669422795771771,0.000131929622545545,5.43286185642553e-07,0.952997022056524,9.83304542508065e-08,1.93789333078877e-07,7.98024473618814e-10,0.454814181491902
"HBLHC1","2016-06-20","time_0","HBLH","C","HBLHC",0.152450469494061,0.000300277488345648,1.23654269700738e-06,0.976675118275961,3.09629508188897e-08,6.09868709130362e-08,2.51143934419883e-10,0.0996718023224327
"HBLHC2","2016-06-20","time_0","HBLH","C","HBLHC",0.0541142600875697,0.000106556947978363,4.38801511774899e-07,0.956152638401445,3.60914780639251e-08,7.10681019069001e-08,2.92658443652615e-10,0.323793610775453
"HBLHC3","2016-06-20","time_0","HBLH","C","HBLHC",0.0218711694570663,4.30175684946142e-05,1.77146347060821e-07,0.666900844302652,-1.17061365717135e-08,-2.30243532596424e-08,-9.48142867232075e-11,0.043846486217513
"HFUDA1","2016-06-22","time_1","HFUD","A","HFUDA",2.9909612596646,0.00588953268206265,2.4253095584734e-05,0.959842724944794,-9.28497975090115e-08,-1.82831494451902e-07,-7.52900094152934e-10,0.706982601885822
"HFUDA2","2016-06-22","time_1","HFUD","A","HFUDA",4.91544619317662,0.00968181890081197,3.98697302335437e-05,0.911677887967941,-3.38350932894403e-08,-6.6644050783259e-08,-2.7444020112546e-10,0.315299074684346
"HFUDA3","2016-06-22","time_1","HFUD","A","HFUDA",2.7649764892376,0.00543677247998461,2.23886290725766e-05,0.996229573773734,-9.39609385588184e-08,-1.84755366614697e-07,-7.60822599719321e-10,0.847469926098632
"HFUDA4","2016-06-22","time_1","HFUD","A","HFUDA",1.18963852449452,0.00234319821618099,9.6492902542333e-06,0.998674582985831,-8.49656584079651e-08,-1.67354515778464e-07,-6.89165895975717e-10,0.462031871324774
"HFUDA5","2016-06-22","time_1","HFUD","A","HFUDA",0.961237145922925,0.00189278198366252,7.79447620872224e-06,0.999471553371706,-9.23514511382519e-08,-1.81850195470482e-07,-7.48859104947445e-10,0.397245973862591
"HFUDB1","2016-06-22","time_1","HFUD","B","HFUDB",1.1464793742222,0.0022549665259135,9.28595215371179e-06,0.999086427517262,-6.20056395810292e-08,-1.21956526054326e-07,-5.02216974291716e-10,0.431400791528316
"HFUDB2","2016-06-22","time_1","HFUD","B","HFUDB",1.63368003122786,0.00321873286061963,1.32547419200316e-05,0.999630650915487,-5.07366302717735e-08,-9.99630625160576e-08,-4.11647891441125e-10,0.358420231967048
"HFUDB3","2016-06-22","time_1","HFUD","B","HFUDB",1.67031519648548,0.00328903489045869,1.35442456789089e-05,0.999575665359532,-4.98411955996436e-08,-9.81428125986812e-08,-4.04152102281369e-10,0.530625604367634
"HFUDB4","2016-06-22","time_1","HFUD","B","HFUDB",1.00791812424471,0.00198526855188235,8.17533589665153e-06,0.999612742561663,-2.79824663505063e-08,-5.51162927955037e-08,-2.26968893731884e-10,0.122307311969925
"HFUDB5","2016-06-22","time_1","HFUD","B","HFUDB",1.12477868756935,0.00221481332100906,9.12060125591532e-06,0.999627141125531,-5.63393686580317e-08,-1.10938432226789e-07,-4.56844463909919e-10,0.604708471182897
"HFUDC1","2016-06-22","time_1","HFUD","C","HFUDC",2.12314545146408,0.00417712722382105,1.72014099076951e-05,0.999788734328806,-5.01704913103638e-08,-9.87066265010171e-08,-4.06473887931188e-10,0.185140027334585
"HFUDC2","2016-06-22","time_1","HFUD","C","HFUDC",6.37953016260053,0.012529724059305,5.15974036762181e-05,0.999060363114392,-2.86658376952672e-08,-5.63011737692154e-08,-2.31848233581629e-10,0.239983975632773
"HFUDC3","2016-06-22","time_1","HFUD","C","HFUDC",4.4964909699302,0.00885408677107812,3.64611293232997e-05,0.999685798148575,-3.53078788455391e-08,-6.9525108599511e-08,-2.86304397212786e-10,0.247191879287833
"HFUDC4","2016-06-22","time_1","HFUD","C","HFUDC",0.648671416038801,0.00127767021129007,5.2614459300925e-06,0.999039632839802,-1.394971616291e-08,-2.74763714827163e-08,-1.13147697765826e-10,0.018538652582187
"HFUDC5","2016-06-22","time_1","HFUD","C","HFUDC",2.25202503011851,0.00443068799433763,1.82455731606823e-05,0.999546067229983,-1.56938652071174e-08,-3.08764863746959e-08,-1.27149370890998e-10,0.0438023695346141
"HFUHA1","2016-06-22","time_1","HFUH","A","HFUHA",1.10600117447776,0.00217846003283353,8.97089841520846e-06,0.99981834203313,-2.86941909898839e-08,-5.65181572031063e-08,-2.32741771362392e-10,0.406920207399978
"HFUHA2","2016-06-22","time_1","HFUH","A","HFUHA",1.28595662343733,0.00253291332121648,1.04305370567695e-05,0.999769773263113,-2.92541821332025e-08,-5.76211563251789e-08,-2.37283921747087e-10,0.15449942555326
"HFUHA3","2016-06-22","time_1","HFUH","A","HFUHA",1.44994712655499,0.00285266071208518,1.17472568123668e-05,0.999829135452929,4.96296413018639e-09,9.76425452375545e-09,4.02092001288249e-11,0.00336596430774961
"HFUHA4","2016-06-22","time_1","HFUH","A","HFUHA",1.21452840869509,0.00238949228681714,9.839929237113e-06,0.999607249156811,1.85815014035992e-08,3.65576910045988e-08,1.50544571556938e-10,0.0731858963199331
"HFUHA5","2016-06-22","time_1","HFUH","A","HFUHA",1.01392012043089,0.00199766046428411,8.22636579192195e-06,0.999599428583168,-1.63006083393737e-08,-3.21160219303154e-08,-1.32253778309039e-10,0.0309318174563767
"HFUHB1","2016-06-22","time_1","HFUH","B","HFUHB",1.00456447602989,0.00237224974580971,9.76892445324437e-06,0.999891293391143,-4.45896834879707e-09,-1.05297238598477e-08,-4.3361402854853e-11,0.00558796619282246
"HFUHB2","2016-06-22","time_1","HFUH","B","HFUHB",1.55378236115577,0.00305956888183352,1.25993046553904e-05,0.999846085666052,-4.1937862857601e-08,-8.25802785367405e-08,-3.40065587014297e-10,0.271369847348615
"HFUHB3","2016-06-22","time_1","HFUH","B","HFUHB",1.54490743126906,0.0030412247406959,1.25237634821857e-05,0.999716373780119,-2.02385541860904e-09,-3.98405693835604e-09,-1.64063464721502e-11,0.000945242167796086
"HFUHB4","2016-06-22","time_1","HFUH","B","HFUHB",1.4841287448601,0.00292324748731281,1.20379331527542e-05,0.999211696471715,1.82805960868361e-08,3.60067863131788e-08,1.4827594603767e-10,0.0526825657164348
"HFUHB5","2016-06-22","time_1","HFUH","B","HFUHB",1.03290241406715,0.0020338988027254,8.3755952696232e-06,0.999521046447371,1.60869705666123e-09,3.16770197545346e-09,1.30445967349173e-11,0.00026787711634204
"HFUHC1","2016-06-22","time_1","HFUH","C","HFUHC",5.40590367491942,0.0106417819406039,4.3822858031407e-05,0.987593254593928,-4.45493136777317e-08,-8.76974711853428e-08,-3.61138186341242e-10,0.337251889566294
"HFUHC2","2016-06-22","time_1","HFUH","C","HFUHC",3.0463959266041,0.00599868965679927,2.47026040066994e-05,0.99869478199145,-1.90053419810787e-08,-3.7423615023316e-08,-1.54110446666015e-10,0.0652780783128521
"HFUHC3","2016-06-22","time_1","HFUH","C","HFUHC",3.12836208315654,0.00614953895094618,2.53238013999964e-05,0.999134853084157,3.05453475689369e-08,6.00441380033077e-08,2.47261760297621e-10,0.149425883813382
"HFUHC4","2016-06-22","time_1","HFUH","C","HFUHC",2.30002892411407,0.00452642490023663,1.86398177391744e-05,0.998945284213798,-2.57363609661081e-08,-5.06488000638258e-08,-2.08571758662835e-10,0.0822714387620463
"HFUHC5","2016-06-22","time_1","HFUH","C","HFUHC",1.3245439045528,0.00260891762539406,1.07435227813727e-05,0.999697640514232,3.00233552749893e-09,5.91361754647406e-09,2.43522770563802e-11,0.00213846421325641
"HFLDA1","2016-06-22","time_1","HFLD","A","HFLDA",1.61410930211402,0.00108788260956568,4.47990058619145e-06,0.999266210755174,-4.42938378064204e-08,-2.98533041085985e-08,-1.22935906319209e-10,0.0815223151778661
"HFLDA2","2016-06-22","time_1","HFLD","A","HFLDA",1.3485267899834,0.00189660457956626,7.81021765865388e-06,0.999752236487924,-3.39801489816455e-08,-4.77906013077618e-08,-1.96801696185363e-10,0.103963230407665
"HFLDA3","2016-06-22","time_1","HFLD","A","HFLDA",1.58987580072171,0.00107065593311242,4.40896113255695e-06,0.999638895543378,-4.34626323483047e-08,-2.92686543007151e-08,-1.20528318410345e-10,0.0875894770270918
"HFLDA4","2016-06-22","time_1","HFLD","A","HFLDA",1.46561918174576,0.00206046263330485,8.48498512394939e-06,0.999721141067138,2.97836399620678e-08,4.18717754175052e-08,1.72427971169286e-10,0.159192562600676
"HFLDA5","2016-06-22","time_1","HFLD","A","HFLDA",1.71898748260973,0.00241859680455057,9.95978164113923e-06,0.999853253657939,1.31085526585173e-09,1.84435918777256e-09,7.59507113524741e-12,8.76650608217164e-05
"HFLDB1","2016-06-22","time_1","HFLD","B","HFLDB",2.21133802197597,0.00149164779422048,6.14260561659992e-06,0.999468048454629,-1.16070557704864e-08,-7.82948557180293e-09,-3.22418215846845e-11,0.00316337400134165
"HFLDB2","2016-06-22","time_1","HFLD","B","HFLDB",1.88943967746767,0.00266054538794032,1.09561259075383e-05,0.999803669402095,3.06221283002603e-08,4.31194301621563e-08,1.7756581340776e-10,0.126776669198279
"HFLDB3","2016-06-22","time_1","HFLD","B","HFLDB",1.95048038937212,0.00131568748945828,5.41800108158921e-06,0.999603765813491,1.17866568643976e-07,7.95063465571045e-08,3.27407135122156e-10,0.32381981827948
"HFLDB4","2016-06-22","time_1","HFLD","B","HFLDB",2.37603728942444,0.00333638067572708,1.37392156226441e-05,0.999844674186634,-7.31427563584559e-09,-1.02705492026549e-08,-4.2294121616533e-11,0.0077613803646316
"HFLDB5","2016-06-22","time_1","HFLD","B","HFLDB",2.17778389123746,0.00306044585654537,1.26029160372538e-05,0.999663057304253,-1.83568401654164e-08,-2.57969193589689e-08,-1.06231713920234e-10,0.0266441570200304
"HFLDC1","2016-06-22","time_1","HFLD","C","HFLDC",2.31933707687471,0.00156840930033922,6.45870949879692e-06,0.999692025880626,-7.44243438231451e-09,-5.0328102020063e-09,-2.07251124118619e-11,0.00141245598894661
"HFLDC2","2016-06-22","time_1","HFLD","C","HFLDC",4.5076358274803,0.00633966104115835,2.61067241674901e-05,0.99975324145669,-3.69286093801044e-08,-5.19373958215407e-08,-2.13878195993105e-10,0.150400405055714
"HFLDC3","2016-06-22","time_1","HFLD","C","HFLDC",2.50409484193492,0.00169334836155615,6.97320855288821e-06,0.999779562030755,-1.28705092793428e-08,-8.7034466249401e-09,-3.58407932015033e-11,0.0123775721292104
"HFLDC4","2016-06-22","time_1","HFLD","C","HFLDC",3.54427696180786,0.00498476705612851,2.05272707371372e-05,0.999259013755824,-1.59251145939565e-08,-2.23975122284275e-08,-9.22329553566646e-11,0.0378076478565876
"HFLDC5","2016-06-22","time_1","HFLD","C","HFLDC",2.74049837253856,0.00385431109137587,1.58720530742858e-05,0.999737891568654,4.28041024125517e-08,6.0200848261137e-08,2.47907093139362e-10,0.112380997020873
"HFLHA1","2016-06-22","time_1","HFLH","A","HFLHA",2.34104225062083,0.00328987329033785,1.35476982096113e-05,0.999620281093654,-1.80287330923738e-07,-2.53358295620258e-07,-1.04332946136422e-09,0.79553625302393
"HFLHA2","2016-06-22","time_1","HFLH","A","HFLHA",2.27812386297172,0.00319889273925189,1.31730403002393e-05,0.999592711938908,-5.02470132592903e-08,-7.05557799103007e-08,-2.90548701670618e-10,0.225659364585853
"HFLHA3","2016-06-22","time_1","HFLH","A","HFLHA",1.68246887501131,0.00236154101061692,9.72482588172049e-06,0.999750801299504,-2.12130234826684e-08,-2.97749489797631e-08,-1.22613239898664e-10,0.170699361796129
"HFLHA4","2016-06-22","time_1","HFLH","A","HFLHA",1.60746585853176,0.00108792299259362,4.48006688350055e-06,0.999464515442344,-7.87619415146419e-08,-5.33055969184682e-08,-2.19512448110252e-10,0.219039056465152
"HFLHA5","2016-06-22","time_1","HFLH","A","HFLHA",1.85882789451452,0.00261535075232597,1.07700143980784e-05,0.999768713985102,3.68838687557653e-09,5.1895204598421e-09,2.13704452536298e-11,0.00274742522441639
"HFLHB1","2016-06-22","time_1","HFLH","B","HFLHB",2.14324763941594,0.00301793578819328,1.24278595757799e-05,0.999775462849985,-6.74080621292922e-08,-9.49181976788203e-08,-3.90873138041382e-10,0.282980198594543
"HFLHB2","2016-06-22","time_1","HFLH","B","HFLHB",3.57735371623721,0.00503128709888469,2.07188402732071e-05,0.999405878902523,-7.28415427218134e-08,-1.02446317370205e-07,-4.21873934930502e-10,0.346708164387635
"HFLHB3","2016-06-22","time_1","HFLH","B","HFLHB",2.0877036691008,0.00293620295051209,1.20912837502088e-05,0.999868364002343,-7.38786465247508e-08,-1.03904928231143e-07,-4.27880494455848e-10,0.442689030938091
"HFLHB4","2016-06-22","time_1","HFLH","B","HFLHB",1.90760919895349,0.00128891354191518,5.3077459656067e-06,0.999656561049995,-8.96689694273309e-08,-6.05865965879538e-08,-2.49495604749194e-10,0.136673446303436
"HFLHB5","2016-06-22","time_1","HFLH","B","HFLHB",2.21715970323741,0.0031207660456951,1.28513145761724e-05,0.999731374495855,-3.31736606386697e-08,-4.6693629503281e-08,-1.92284366294511e-10,0.101870685043233
"HFLHC1","2016-06-22","time_1","HFLH","C","HFLHC",8.85866717704794,0.0124540896615788,5.12859412263817e-05,0.999418286724796,-8.59425430659702e-08,-1.20823608754695e-07,-4.97551620851832e-10,0.483843891668046
"HFLHC2","2016-06-22","time_1","HFLH","C","HFLHC",5.69582767935488,0.00800756447870379,3.29751505233022e-05,0.999417257328825,-1.13676869669444e-07,-1.59814326355881e-07,-6.58115395933518e-10,0.792794878971061
"HFLHC3","2016-06-22","time_1","HFLH","C","HFLHC",6.68983971434621,0.00941629265640621,3.87762931590808e-05,0.999332930516846,-4.51893172479543e-08,-6.36062827091976e-08,-2.61930672196476e-10,0.170580793875291
"HFLHC4","2016-06-22","time_1","HFLH","C","HFLHC",3.92091686881855,0.00265144835747572,1.0918664336085e-05,0.999463313641982,-1.81996488207826e-07,-1.23071798222132e-07,-5.06809665078738e-10,0.412224196247437
"HFLHC5","2016-06-22","time_1","HFLH","C","HFLHC",4.76448655537209,0.00669554642020478,2.75722601584033e-05,0.999323246651594,-8.68218494085583e-08,-1.22010990323307e-07,-5.02441258151379e-10,0.531423449634966
"HBUDA1","2016-06-22","time_1","HBUD","A","HBUDA",2.41575497738729,0.00475960394954313,1.96000490642186e-05,0.99947372268635,-2.37117649222998e-08,-4.67177387736883e-08,-1.92383648270048e-10,0.103063022761214
"HBUDA2","2016-06-22","time_1","HBUD","A","HBUDA",1.5678472908206,0.00308814560007296,1.27169835811005e-05,0.999760971069408,-8.81909549245096e-09,-1.73707293440429e-08,-7.15326634387689e-11,0.0177693361605124
"HBUDA3","2016-06-22","time_1","HBUD","A","HBUDA",2.31859616533941,0.00456035830866891,1.87795555150986e-05,0.99988922589643,-3.74197993919234e-08,-7.35995753019378e-08,-3.0308305109338e-10,0.201859194008419
"HBUDA4","2016-06-22","time_1","HBUD","A","HBUDA",1.14005102094073,0.00224296368995003,9.23652447521421e-06,0.999628029970248,-5.81027404379174e-08,-1.14312723461537e-07,-4.70739795214609e-10,0.217022486687072
"HBUDA5","2016-06-22","time_1","HBUD","A","HBUDA",1.53995613668697,0.00303147787866603,1.24836259043467e-05,0.999767327305205,-6.70860810451879e-08,-1.32062183986882e-07,-5.43832073657982e-10,0.412115809194628
"HBUDB1","2016-06-22","time_1","HBUD","B","HBUDB",2.89470907656579,0.0056983743378963,2.3465905523457e-05,0.999697974675833,-1.35638116558056e-08,-2.67010170000221e-08,-1.09954788006091e-10,0.0429846250626746
"HBUDB2","2016-06-22","time_1","HBUD","B","HBUDB",1.96376350793702,0.00387017860770869,1.59373955065444e-05,0.999787648388049,-6.90628756270214e-08,-1.36108886206636e-07,-5.60496393398928e-10,0.547674956396279
"HBUDB3","2016-06-22","time_1","HBUD","B","HBUDB",1.91107303920002,0.00376955917030521,1.55230446633168e-05,0.999808772750345,-7.87331813824554e-08,-1.55299865468132e-07,-6.39524845997768e-10,0.512335630437296
"HBUDB4","2016-06-22","time_1","HBUD","B","HBUDB",0.836466827276593,0.00164568487459532,6.77693031358351e-06,0.998979161941314,-3.12608494298607e-08,-6.1503344061141e-08,-2.53270770843779e-10,0.170374175694202
"HBUDB5","2016-06-22","time_1","HBUD","B","HBUDB",1.70150287703142,0.00334757752190584,1.37853242352082e-05,0.999620875158272,-3.55179252164635e-08,-6.987881694729e-08,-2.8776096818894e-10,0.276109718759682
"HBUDC1","2016-06-22","time_1","HBUD","C","HBUDC",2.47124841788011,0.00487032818491517,2.00560114654807e-05,0.996339885347877,1.54964835179845e-08,3.05404183159602e-08,1.25765442625124e-10,0.0493255708702842
"HBUDC2","2016-06-22","time_1","HBUD","C","HBUDC",5.16920974738148,0.0101874614240549,4.1951966144258e-05,0.999705876691257,-7.07694155526769e-09,-1.39472129431586e-08,-5.74346228999271e-11,0.0187995340144716
"HBUDC3","2016-06-22","time_1","HBUD","C","HBUDC",5.40910735091359,0.0106511291047492,4.38613496533572e-05,0.99958487722795,-3.51517711887414e-08,-6.92177154015351e-08,-2.85038552023521e-10,0.280943508561078
"HBUDC4","2016-06-22","time_1","HBUD","C","HBUDC",0.609689754892804,0.00119986094915261,4.94102738861043e-06,0.998010629128879,1.79725879010108e-08,3.53698027637466e-08,1.45652847781109e-10,0.0610467258780217
"HBUDC5","2016-06-22","time_1","HBUD","C","HBUDC",10.4256145959832,0.0205291852895875,8.45391850225215e-05,0.996957193659143,-1.88497329029311e-08,-3.71172035817052e-08,-1.52848644349462e-10,0.0439060145966157
"HBUHA1","2016-06-22","time_1","HBUH","A","HBUHA",1.89697580609192,0.00128279521181207,5.2825506822421e-06,0.995089479919965,-2.80762494664057e-08,-1.89860504627865e-08,-7.81845558057547e-11,0.0271712961315627
"HBUHA2","2016-06-22","time_1","HBUH","A","HBUHA",1.49002048719196,0.00100676154462159,4.14584404075172e-06,0.999021132856148,5.7769224633072e-08,3.90329088244881e-08,1.60737518539242e-10,0.0527384490487239
"HBUHA3","2016-06-22","time_1","HBUH","A","HBUHA",1.39929267400783,0.000943886375538175,3.8869240944662e-06,0.998502266760573,-7.93461549203873e-09,-5.35225803521041e-09,-2.20405985889965e-11,0.00218542049510509
"HBUHA4","2016-06-22","time_1","HBUH","A","HBUHA",1.19471471302402,0.000805217687543734,3.31588643730509e-06,0.998137706044606,-5.99169621151661e-10,-4.03830279756917e-10,-1.66297309203899e-12,8.58979408326186e-06
"HBUHA5","2016-06-22","time_1","HBUH","A","HBUHA",1.18443413441795,0.000800286136277488,3.29557830919069e-06,0.998549746617628,-4.19531598902807e-08,-2.83464747068636e-08,-1.16730782842864e-10,0.0473704788166684
"HBUHB1","2016-06-22","time_1","HBUH","B","HBUHB",2.17891384545946,0.00147467547057026,6.07271358780831e-06,0.999429255032092,1.33309306030276e-07,9.02229172627694e-08,3.71537973288084e-10,0.296596789149331
"HBUHB2","2016-06-22","time_1","HBUH","B","HBUHB",2.18512280002063,0.00147764934907768,6.0849600195019e-06,0.999757668253048,9.02896530469338e-09,6.10567273619551e-09,2.51431603276531e-11,0.00214009320677336
"HBUHB3","2016-06-22","time_1","HBUH","B","HBUHB",2.27552977613698,0.00153494804391087,6.32091604482496e-06,0.999597603034668,-1.86123919707383e-08,-1.25549025759122e-08,-5.17010888076063e-11,0.00747307744213037
"HBUHB4","2016-06-22","time_1","HBUH","B","HBUHB",1.43054462805141,0.000967379654107668,3.98366941561538e-06,0.999221721348763,1.06422355119662e-08,7.19661722299536e-09,2.96356697242949e-11,0.00260157852849452
"HBUHB5","2016-06-22","time_1","HBUH","B","HBUHB",1.4238442490094,0.000958846780571106,3.94853104239181e-06,0.999295460300294,1.57820551111808e-07,1.06279691368487e-07,4.3765976905543e-10,0.435021035348897
"HBUHC1","2016-06-22","time_1","HBUH","C","HBUHC",3.26888230973829,0.00220684689056833,9.0877954953604e-06,0.999802323444288,4.64877724274562e-08,3.13842427808891e-08,1.29240311771701e-10,0.0726840722518616
"HBUHC2","2016-06-22","time_1","HBUH","C","HBUHC",3.18937591318825,0.002154964343337,8.87414316586175e-06,0.999792447953996,4.20512855034148e-08,2.84127752005112e-08,1.17003808275705e-10,0.0577747169070324
"HBUHC3","2016-06-22","time_1","HBUH","C","HBUHC",2.71051906026792,0.00182684440558009,7.52294526217879e-06,0.999496885893654,-1.97189405134063e-08,-1.32902353239021e-08,-5.4729189063829e-11,0.0129199689790125
"HBUHC4","2016-06-22","time_1","HBUH","C","HBUHC",2.14075346480502,0.0014428319461877,5.94158195440097e-06,0.9996065287161,-8.12903261993303e-09,-5.47883170503689e-09,-2.25618289613419e-11,0.00100680803088179
"HBUHC5","2016-06-22","time_1","HBUH","C","HBUHC",2.02624752554509,0.00136907385243264,5.6378461243176e-06,0.99935006033602,-1.20890755439674e-07,-8.16822082133135e-08,-3.36367333422425e-10,0.26065296843693
"HBLDA1","2016-06-22","time_1","HBLD","A","HBLDA",2.38551110063104,0.00469733452587924,1.93436235775707e-05,0.999922403515813,-3.20571664628933e-08,-6.31240973006467e-08,-2.59945032684063e-10,0.291191561980371
"HBLDA2","2016-06-22","time_1","HBLD","A","HBLDA",1.47410249734053,0.00290184181556498,1.19497845964966e-05,0.765336759940519,-1.42251622918794e-08,-2.80029176032513e-08,-1.15316014690189e-10,0.0440980589840425
"HBLDA3","2016-06-22","time_1","HBLD","A","HBLDA",1.82468003757267,0.00359402198323903,1.48001825269783e-05,0.999782301782939,-4.36364683283913e-08,-8.59495490791798e-08,-3.53940243108062e-10,0.240530649024325
"HBLDA4","2016-06-22","time_1","HBLD","A","HBLDA",0.957757658727296,0.0018853921137008,7.76404472421989e-06,0.998447428978023,-4.12608695569495e-08,-8.12240104354623e-08,-3.34480474973234e-10,0.120546831834453
"HBLDA5","2016-06-22","time_1","HBLD","A","HBLDA",1.35509850397727,0.00266529153030533,1.09756705217973e-05,0.99961961774908,-3.34886472384532e-08,-6.5867542163215e-08,-2.7124253862812e-10,0.136968784496875
"HBLDB1","2016-06-22","time_1","HBLD","B","HBLDB",3.00911380666162,0.00591512813095605,2.4358497643277e-05,0.999664031148537,-9.28441200950222e-09,-1.82507177147018e-08,-7.51564555491418e-11,0.0135065034056932
"HBLDB2","2016-06-22","time_1","HBLD","B","HBLDB",2.62399542302579,0.00516988647272666,2.12895924946884e-05,0.999598584939685,-5.71701022923412e-08,-1.12638511444031e-07,-4.63845390126519e-10,0.414136335490638
"HBLDB3","2016-06-22","time_1","HBLD","B","HBLDB",1.48372546210312,0.00291744895177715,1.20140547834183e-05,0.999610860932093,-1.71320159725066e-08,-3.36866781068594e-08,-1.38721740444047e-10,0.0484778139001904
"HBLDB4","2016-06-22","time_1","HBLD","B","HBLDB",1.20260697997555,0.00236941783633636,9.75726265003313e-06,0.99664952834078,-7.04277154732702e-08,-1.38759119141468e-07,-5.71410052624565e-10,0.49170848398164
"HBLDB5","2016-06-22","time_1","HBLD","B","HBLDB",0.0370886767416418,7.30525444428215e-05,3.00830378015539e-07,0.404131857804525,-2.50762754832623e-08,-4.93920487366616e-08,-2.03396456697572e-10,0.126850922336462
"HBLDC1","2016-06-22","time_1","HBLD","C","HBLDC",7.08192311045497,0.0139331451838543,5.7376691867112e-05,0.969079597610546,-1.35470539404851e-08,-2.66527984591686e-08,-1.09756224054856e-10,0.0542817477433044
"HBLDC2","2016-06-22","time_1","HBLD","C","HBLDC",1.91527382184506,0.00377138544754019,1.55305652729705e-05,0.943655294777187,-7.08300231022723e-09,-1.39472129431347e-08,-5.74346228998287e-11,0.0174928156437197
"HBLDC3","2016-06-22","time_1","HBLD","C","HBLDC",3.64980935702121,0.00719303217452982,2.96209064947138e-05,0.999247908577104,-9.0220300727989e-10,-1.77805869417198e-09,-7.32204570260022e-12,0.000235895587978994
"HBLDC4","2016-06-22","time_1","HBLD","C","HBLDC",3.4914247657116,0.0068494866891591,2.82061861859572e-05,0.999783284037897,-2.14121846989449e-08,-4.20064827177644e-08,-1.72982695831754e-10,0.0737552257118661
"HBLDC5","2016-06-22","time_1","HBLD","C","HBLDC",9.14142916905506,0.0179953439225885,7.41048262732195e-05,0.998359607986309,-1.27333247297428e-08,-2.50661634578315e-08,-1.0322246111935e-10,0.0193171340060056
"HBLHA1","2016-06-22","time_1","HBLH","A","HBLHA",1.71233624901161,0.00336600373630312,1.38612033860963e-05,0.999768476811931,-8.41453496621503e-08,-1.65407677095441e-07,-6.81148814279027e-10,0.529347261914454
"HBLHA2","2016-06-22","time_1","HBLH","A","HBLHA",0.893658280590004,0.00175820470993707,7.24028699552086e-06,0.983382864694116,-3.80708365713836e-08,-7.49014759051514e-08,-3.08444277777414e-10,0.205642861385419
"HBLHA3","2016-06-22","time_1","HBLH","A","HBLHA",0.683449483573083,0.001346555793852,5.54511675908254e-06,0.997068734732601,-7.36713614835718e-08,-1.4514986261755e-07,-5.97727134259072e-10,0.593573102224016
"HBLHA4","2016-06-22","time_1","HBLH","A","HBLHA",1.07123491002127,0.00210817538852939,8.68146624996402e-06,0.996286983285642,-5.57591994554722e-08,-1.09733328214438e-07,-4.51881845587056e-10,0.404049831227539
"HBLHA5","2016-06-22","time_1","HBLH","A","HBLHA",0.800643211314268,0.00157610475128533,6.49039936579298e-06,0.998612692255136,-5.35525508122025e-08,-1.05420777427201e-07,-4.34122761445216e-10,0.177157682264362
"HBLHB1","2016-06-22","time_1","HBLH","B","HBLHB",1.70855156323189,0.00336144527599677,1.38424316465547e-05,0.996770767885999,-2.45513546538499e-08,-4.83029233044599e-08,-1.98911438167766e-10,0.139476956580675
"HBLHB2","2016-06-22","time_1","HBLH","B","HBLHB",0.704633183597901,0.00138789656258828,5.71535804473853e-06,0.988118066589194,-1.5581830065104e-08,-3.06911012560734e-08,-1.2638595497251e-10,0.045626552534071
"HBLHB3","2016-06-22","time_1","HBLH","B","HBLHB",1.76161070299407,0.00347177653026079,1.42967757516139e-05,0.999384573718085,-5.64870832003909e-08,-1.11324556205688e-07,-4.58434522455024e-10,0.648758225566587
"HBLHB4","2016-06-22","time_1","HBLH","B","HBLHB",2.61348997634463,0.00514478098476815,2.11862080952753e-05,0.999451939085428,-7.37369694085001e-08,-1.45154778293e-07,-5.97747377010573e-10,0.288814067035944
"HBLHB5","2016-06-22","time_1","HBLH","B","HBLHB",1.91930963170514,0.00378041128688346,1.55677336793861e-05,0.999867471604938,-6.57585774130696e-08,-1.29522857675087e-07,-5.33375127906009e-10,0.299904427043735
"HBLHC1","2016-06-22","time_1","HBLH","C","HBLHC",9.28942593363378,0.0182971262520983,7.53475659061406e-05,0.999667198413873,-3.77856319017501e-08,-7.44253178141426e-08,-3.06483458758639e-10,0.227947093191837
"HBLHC2","2016-06-22","time_1","HBLH","C","HBLHC",8.69624638395696,0.0171238684968213,7.05160904699102e-05,0.999107873678109,-4.79464771769579e-08,-9.44119029997502e-08,-3.88788216552971e-10,0.576949774372965
"HBLHC3","2016-06-22","time_1","HBLH","C","HBLHC",1.9163947637708,0.00376928372189059,1.55219103667455e-05,0.978153463495524,3.18701100384426e-09,6.26841031157871e-09,2.58133136630811e-11,0.00250957506369307
"HBLHC4","2016-06-22","time_1","HBLH","C","HBLHC",2.38871522716372,0.00469961556258939,1.93530168867431e-05,0.994862018045081,-7.52622997750432e-08,-1.48072851580151e-07,-6.09764002807063e-10,0.663924748758295
"HBLHC5","2016-06-22","time_1","HBLH","C","HBLHC",2.23929916405914,0.0044106858500976,1.81632043307019e-05,0.988991910493819,-7.53774136518556e-08,-1.48468814326951e-07,-6.11394577398384e-10,0.420509052263097
"HFUDA1","2016-06-23","time_2","HFUD","A","HFUDA",0.685590839578776,0.00135000399726835,5.55931646075105e-06,0.999484478542618,-3.56492513505933e-08,-7.0197308722056e-08,-2.89072517317427e-10,0.179749214694624
"HFUDA2","2016-06-23","time_2","HFUD","A","HFUDA",0.96842359080147,0.00190747725779794,7.85499134761192e-06,0.999723833031885,-2.12643631426264e-08,-4.18838300526612e-08,-1.72477612156859e-10,0.19590800860571
"HFUDA3","2016-06-23","time_2","HFUD","A","HFUDA",0.820797674674528,0.00161393423295845,6.64618117132291e-06,0.999830973691863,-6.64191308091239e-08,-1.30599917913629e-07,-5.37810461968323e-10,0.683923980200913
"HFUDA4","2016-06-23","time_2","HFUD","A","HFUDA",0.659499489891151,0.00129899796994372,5.34927364022822e-06,0.999168851024151,-4.7460500478886e-08,-9.34816398186465e-08,-3.84957392773186e-10,0.390926491768185
"HFUDA5","2016-06-23","time_2","HFUD","A","HFUDA",0.712410617247201,0.00140281509824581,5.77679257457626e-06,0.99905062474269,-4.49823171548126e-08,-8.85751449110659e-08,-3.6475244674377e-10,0.207846464775659
"HFUDB1","2016-06-23","time_2","HFUD","B","HFUDB",0.694735816564913,0.00136644936309463,5.62703847722369e-06,0.999125253003897,-5.53971898515896e-08,-1.08958618492162e-07,-4.48691590950722e-10,0.374011812599328
"HFUDB2","2016-06-23","time_2","HFUD","B","HFUDB",0.996970654936676,0.00196426604156158,8.08884755915058e-06,0.999877266418689,-4.95404878276004e-08,-9.76063813315859e-08,-4.01943078323471e-10,0.551681791799934
"HFUDB3","2016-06-23","time_2","HFUD","B","HFUDB",0.868007852820815,0.00170920322052198,7.03849886210952e-06,0.999861273825639,-3.88983549517933e-08,-7.65951521527733e-08,-3.1541883656512e-10,0.239737412364166
"HFUDB4","2016-06-23","time_2","HFUD","B","HFUDB",0.636060732780804,0.00125283129601745,5.15915927699985e-06,0.999335706625557,-9.28844822448057e-08,-1.82952004853241e-07,-7.53396355985646e-10,0.475655400802991
"HFUDB5","2016-06-23","time_2","HFUD","B","HFUDB",0.709137268453668,0.00139636951335667,5.75024965600278e-06,0.999455156994104,-2.93499783651169e-08,-5.77933452800963e-08,-2.37992995863437e-10,0.20480588232733
"HFUDC1","2016-06-23","time_2","HFUD","C","HFUDC",1.02964137592775,0.00202574110935006,8.34200188830354e-06,0.999803013574749,1.74701989886338e-08,3.43712880107535e-08,1.41540964028283e-10,0.0486229915951296
"HFUDC2","2016-06-23","time_2","HFUD","C","HFUDC",1.9149758533679,0.00376111067921515,1.5488253777008e-05,0.999691637775157,-5.01874649040387e-08,-9.85707521488268e-08,-4.05914357348869e-10,0.399766655755423
"HFUDC3","2016-06-23","time_2","HFUD","C","HFUDC",1.80840343828404,0.00356094587240581,1.46639751025671e-05,0.999670031367998,-3.97156244491507e-08,-7.82044459539504e-08,-3.22045908438368e-10,0.272604017777408
"HFUDC4","2016-06-23","time_2","HFUD","C","HFUDC",0.427332423418708,0.000841704897457387,3.46614076772952e-06,0.997392639780283,8.08620294991674e-08,1.59271711009638e-07,6.55880905937691e-10,0.730358871897157
"HFUDC5","2016-06-23","time_2","HFUD","C","HFUDC",0.890938583957726,0.00175285391362899,7.21825241632417e-06,0.999672183642292,-2.58137175138031e-08,-5.07865262366163e-08,-2.09138915042386e-10,0.0701396461212744
"HFUHA1","2016-06-23","time_2","HFUH","A","HFUHA",0.762166612463956,0.00150121857184903,6.18201807887431e-06,0.999507487344959,-2.48599346914122e-08,-4.89659282411389e-08,-2.0164169249701e-10,0.331408521224617
"HFUHA2","2016-06-23","time_2","HFUH","A","HFUHA",0.868518110767832,0.0017106961870933,7.04464689845019e-06,0.999802400019364,-3.30517177009307e-08,-6.51010574757957e-08,-2.68086154685327e-10,0.354321930191562
"HFUHA3","2016-06-23","time_2","HFUH","A","HFUHA",0.796697279276978,0.0015674413131315,6.45472332747552e-06,0.999014062708974,-2.6965438440586e-08,-5.30524495788875e-08,-2.18469987365859e-10,0.200840794213181
"HFUHA4","2016-06-23","time_2","HFUH","A","HFUHA",0.785202971897314,0.00154482713743221,6.36159815194583e-06,0.999390114616613,-4.24220008498651e-08,-8.34620607442302e-08,-3.4369676614474e-10,0.129470414089295
"HFUHA5","2016-06-23","time_2","HFUH","A","HFUHA",0.593584184213345,0.00116950007513748,4.81600130941614e-06,0.999187916874271,-3.93643744673783e-08,-7.75570510834103e-08,-3.19379936361484e-10,0.445934942709359
"HFUHB1","2016-06-23","time_2","HFUH","B","HFUHB",0.668965978823649,0.00157974367109964,6.50538443758831e-06,0.988788775895827,-1.97552461474894e-08,-4.66514382800009e-08,-1.92110622837044e-10,0.183390418374935
"HFUHB2","2016-06-23","time_2","HFUH","B","HFUHB",1.0445515323567,0.00205683720176411,8.47005559686462e-06,0.999736729530568,-8.36859477794817e-09,-1.64786863381813e-08,-6.78592303406306e-11,0.0180646074478265
"HFUHB3","2016-06-23","time_2","HFUH","B","HFUHB",0.832613506860027,0.0016390398189879,6.74956597459216e-06,0.998263916464417,-3.64355211516581e-10,-7.17250795250227e-10,-2.95363877484043e-12,2.92414008748548e-05
"HFUHB4","2016-06-23","time_2","HFUH","B","HFUHB",1.00123781844066,0.00197211053764417,8.12115119401871e-06,0.999389067641248,3.50928009988264e-09,6.91213229969869e-09,2.84641608101592e-11,0.00126475228210682
"HFUHB5","2016-06-23","time_2","HFUH","B","HFUHB",0.692625392034117,0.00136385580710224,5.61635821364702e-06,0.999020785924771,-5.19460519679663e-08,-1.02287506994915e-07,-4.2121995380506e-10,0.213103936067914
"HFUHC1","2016-06-23","time_2","HFUH","C","HFUHC",2.76500290779577,0.0054430414930279,2.24144448682889e-05,0.999001571929506,-3.13406718078994e-08,-6.16956230276652e-08,-2.54062575627925e-10,0.221624931399909
"HFUHC2","2016-06-23","time_2","HFUH","C","HFUHC",1.94526149052836,0.00383043447540656,1.57737291697242e-05,0.999548680021494,-4.79342334390959e-09,-9.43877937291751e-09,-3.88688934576743e-11,0.00763319108482483
"HFUHC3","2016-06-23","time_2","HFUH","C","HFUHC",3.62460439988747,0.0071250211281133,2.93408370055706e-05,0.998807481139392,4.09519837513537e-08,8.05008539623265e-08,3.31502516616861e-10,0.29452370837898
"HFUHC4","2016-06-23","time_2","HFUH","C","HFUHC",1.2914959949489,0.00254164613705643,1.04664987923984e-05,0.999613962061253,-1.23957931641883e-08,-2.43947483652524e-08,-1.00457573768109e-10,0.0197934125793533
"HFUHC5","2016-06-23","time_2","HFUH","C","HFUHC",0.952981065366263,0.00187706054103225,7.7297353079708e-06,0.999676572451825,-3.36069289761731e-09,-6.61946418234481e-09,-2.72589535028959e-11,0.00124498819204872
"HFLDA1","2016-06-23","time_2","HFLD","A","HFLDA",1.56021265327647,0.00105155717181035,4.33031243351502e-06,0.99974114496692,-4.99188779801271e-08,-3.36444868835625e-08,-1.3854799698651e-10,0.0681357815075931
"HFLDA2","2016-06-23","time_2","HFLD","A","HFLDA",1.07291731146092,0.00150897994873186,6.21397942887781e-06,0.99981102724088,3.56129446386256e-09,5.00870093165063e-09,2.06258304365373e-11,0.00225076523495074
"HFLDA3","2016-06-23","time_2","HFLD","A","HFLDA",1.18056807163417,0.000795019466152289,3.27389016161513e-06,0.997604432244769,6.79327387826819e-09,4.57473406395887e-09,1.88387548753826e-11,0.00160882472229538
"HFLDA4","2016-06-23","time_2","HFLD","A","HFLDA",1.45083625833233,0.00203967983946335,8.39940157891007e-06,0.999722393961517,3.78779990016815e-08,5.32513510599387e-08,2.19289063664827e-10,0.234695208663194
"HFLDA5","2016-06-23","time_2","HFLD","A","HFLDA",1.42672716047246,0.00200738969084607,8.26643074690412e-06,0.999863037806819,-6.4000580628684e-09,-9.00481250526123e-09,-3.70818178966658e-11,0.00469601185758826
"HFLDB1","2016-06-23","time_2","HFLD","B","HFLDB",1.80914415738194,0.00122034979047403,5.02540043717205e-06,0.999224317346476,-2.82357938686592e-09,-1.90463236392121e-09,-7.84327607462756e-12,0.00019814658963221
"HFLDB2","2016-06-23","time_2","HFLD","B","HFLDB",1.36558512229734,0.00192289875262783,7.9184970633214e-06,0.999856657315295,1.23404523189757e-08,1.73767566617166e-08,7.15574839329491e-11,0.0211877273929098
"HFLDB3","2016-06-23","time_2","HFLD","B","HFLDB",1.47455625480874,0.000994655074475702,4.09598959669094e-06,0.999755705562485,2.18827402478864e-08,1.47609008201705e-08,6.07853895774621e-11,0.0114234937877499
"HFLDB4","2016-06-23","time_2","HFLD","B","HFLDB",1.8468460132347,0.00259330161905516,1.06792160672691e-05,0.999722502299236,7.21555008448179e-09,1.01319208977724e-08,4.17232502570266e-11,0.00993232359154272
"HFLDB5","2016-06-23","time_2","HFLD","B","HFLDB",1.68230060781255,0.00236414179816444,9.73553592484117e-06,0.999773000959645,1.81681249861254e-08,2.55317173842218e-08,1.05139612188225e-10,0.058097195509183
"HFLDC1","2016-06-23","time_2","HFLD","C","HFLDC",1.75658742828373,0.00118786013764397,4.89160804681787e-06,0.999485132495423,-4.10002373159056e-09,-2.77256609931975e-09,-1.14174271969987e-11,0.000647735096280583
"HFLDC2","2016-06-23","time_2","HFLD","C","HFLDC",3.69024717929613,0.00519006352114864,2.13726815800901e-05,0.999566602431833,-1.23638201301783e-08,-1.73888112968956e-08,-7.16071249206163e-11,0.0413393382872977
"HFLDC3","2016-06-23","time_2","HFLD","C","HFLDC",2.10613138628371,0.00142423284951528,5.86499087430393e-06,0.999668722463111,-4.37811229774978e-08,-2.96061840867611e-08,-1.21918266069282e-10,0.0674676091920302
"HFLDC4","2016-06-23","time_2","HFLD","C","HFLDC",3.44347390060376,0.00484299490229808,1.99434530076635e-05,0.999785434786049,1.45837365348132e-08,2.05109618174177e-08,8.44641407641262e-11,0.0310147618088803
"HFLDC5","2016-06-23","time_2","HFLD","C","HFLDC",2.60598300940936,0.00366512504358812,1.50929849294959e-05,0.999839026682805,1.43566022311095e-09,2.01915139845821e-09,8.3148654588509e-12,0.000656494324409476
"HFLHA1","2016-06-23","time_2","HFLH","A","HFLHA",1.50017802177041,0.00210820441334004,8.68158577413429e-06,0.999859854353657,-1.38139511226185e-07,-1.9412784549396e-07,-7.99418467744126e-10,0.827751333082644
"HFLHA2","2016-06-23","time_2","HFLH","A","HFLHA",2.22972215904096,0.00313092810318088,1.28931619288989e-05,0.999657571756657,-7.37007703453539e-08,-1.0348904331632e-07,-4.26167880376607e-10,0.559920873489887
"HFLHA3","2016-06-23","time_2","HFLH","A","HFLHA",1.23632936164415,0.00173533224508112,7.14609818524407e-06,0.999698332069904,-2.72591645887004e-08,-3.82614121708133e-08,-1.57560495319409e-10,0.14088769204916
"HFLHA4","2016-06-23","time_2","HFLH","A","HFLHA",1.5660606239452,0.0010599001848423,4.36466896118059e-06,0.999646593425912,-6.27406013082806e-08,-4.2462452543019e-08,-1.74860379572152e-10,0.10682523775271
"HFLHA5","2016-06-23","time_2","HFLH","A","HFLHA",1.5190353606987,0.00213726633064687,8.8012627496038e-06,0.999796281648336,-3.84774575102933e-08,-5.41373667482103e-08,-2.2293767626913e-10,0.435271987572908
"HFLHB1","2016-06-23","time_2","HFLH","B","HFLHB",1.71420696670692,0.00241379785427169,9.94001956389083e-06,0.999827586116959,-1.63597671741228e-07,-2.30364078948662e-07,-9.48639277110592e-10,0.834566459374827
"HFLHB2","2016-06-23","time_2","HFLH","B","HFLHB",1.91397635400381,0.00269186815208161,1.10851130502721e-05,0.999910896967512,-1.36610569944324e-07,-1.92132803365925e-07,-7.91202884260879e-10,0.872991798579467
"HFLHB3","2016-06-23","time_2","HFLH","B","HFLHB",1.1390763915384,0.00160202786975714,6.59715076765992e-06,0.999463522573641,-7.01887854737882e-08,-9.87154077713348e-08,-4.06510049202357e-10,0.288845968804857
"HFLHB4","2016-06-23","time_2","HFLH","B","HFLHB",0.990658349660143,0.000669357729554244,2.75641513030438e-06,0.996872391641334,-6.80456524863654e-08,-4.59763787080946e-08,-1.89330727519933e-10,0.0999307650924451
"HFLHB5","2016-06-23","time_2","HFLH","B","HFLHB",1.5017648085258,0.0021138110241783,8.70467379756622e-06,0.999886362009516,-6.89337277605547e-08,-9.70277588412822e-08,-3.995603109084e-10,0.508219281683816
"HFLHC1","2016-06-23","time_2","HFLH","C","HFLHC",21.8204541264298,0.03067661158453,0.000126326286505095,0.996130511305071,-1.53394105974123e-07,-2.15651396669366e-07,-8.88052451484448e-10,0.796525484840223
"HFLHC2","2016-06-23","time_2","HFLH","C","HFLHC",8.94537028118046,0.0125759825164771,5.17878960028526e-05,0.998307021001854,-1.67464914431772e-07,-2.35433053056287e-07,-9.69513312485791e-10,0.791326135657935
"HFLHC3","2016-06-23","time_2","HFLH","C","HFLHC",5.62977960653562,0.00792420366253688,3.26318706823269e-05,0.999396691314917,-1.53792696764906e-07,-2.16471111863974e-07,-8.91428038655846e-10,0.855274059840872
"HFLHC4","2016-06-23","time_2","HFLH","C","HFLHC",2.76093815467283,0.00186703395665339,7.68844583349866e-06,0.99971208474532,-2.41901400164785e-07,-1.63581399860502e-07,-6.73628204625547e-10,0.601921838152172
"HFLHC5","2016-06-23","time_2","HFLH","C","HFLHC",2.59176280432788,0.00364221159297242,1.49986273398604e-05,0.99982517501812,-1.58302012538678e-07,-2.22462265565525e-07,-9.16099609598832e-10,0.672058332709806
"HBUDA1","2016-06-23","time_2","HBUD","A","HBUDA",1.35029797843149,0.00266040374597655,1.09555426259314e-05,0.999555972475411,-6.46620533044914e-08,-1.2739941226427e-07,-5.24630779704264e-10,0.495645237148386
"HBUDA2","2016-06-23","time_2","HBUD","A","HBUDA",0.944516559071974,0.00186038823625962,7.66107875691712e-06,0.999607770903727,-4.86733285576159e-08,-9.58705138607188e-08,-3.9479477607844e-10,0.335938060088563
"HBUDA3","2016-06-23","time_2","HBUD","A","HBUDA",1.30927529641069,0.00257516361217971,1.06045237549561e-05,0.999804270611109,-3.7698662854778e-08,-7.41480612042368e-08,-3.05341716039047e-10,0.252619147193837
"HBUDA4","2016-06-23","time_2","HBUD","A","HBUDA",0.868471899308002,0.00170865242003153,7.03623066568983e-06,0.998948123029909,-6.50724441666441e-08,-1.28025085545423e-07,-5.27207302276051e-10,0.459324558860419
"HBUDA5","2016-06-23","time_2","HBUD","A","HBUDA",1.00077723130838,0.00197007821580614,8.11278209268969e-06,0.999411166383871,-5.46020006525473e-08,-1.07486670019843e-07,-4.42630107141715e-10,0.545829167463198
"HBUDB1","2016-06-23","time_2","HBUD","B","HBUDB",1.9692609236184,0.00387658504359341,1.59637772095177e-05,0.999837529458313,-5.2197711311213e-08,-1.02753710568253e-07,-4.23139780120065e-10,0.421574654899198
"HBUDB2","2016-06-23","time_2","HBUD","B","HBUDB",1.29208499062905,0.00254643681373185,1.04862267989478e-05,0.999859601102204,-5.31076448172352e-08,-1.04664370249642e-07,-4.31007876688025e-10,0.436873142135667
"HBUDB3","2016-06-23","time_2","HBUD","B","HBUDB",2.12601254649768,0.00419352370445716,1.72689306149546e-05,0.999407823248822,-1.28519711082997e-07,-2.53502951242871e-07,-1.04392515321814e-09,0.797950761108039
"HBUDB4","2016-06-23","time_2","HBUD","B","HBUDB",0.926784649651079,0.00182337832201153,7.50867193004346e-06,0.999090152170407,-1.86777559434903e-08,-3.67470644922788e-08,-1.51324411579204e-10,0.0353858238545848
"HBUDB5","2016-06-23","time_2","HBUD","B","HBUDB",1.00029905448598,0.00196801232321342,8.10427474699288e-06,0.999547232920682,-2.9607021426447e-08,-5.82495632277021e-08,-2.39871701371677e-10,0.207486974692357
"HBUDC1","2016-06-23","time_2","HBUD","C","HBUDC",2.41091794986877,0.00475142909867244,1.95663850283331e-05,0.997808130681817,1.5924647656956e-08,3.138424278084e-08,1.29240311771499e-10,0.0522772080985424
"HBUDC2","2016-06-23","time_2","HBUD","C","HBUDC",4.38891332795592,0.00864965582886642,3.56192827032719e-05,0.99958946486962,-1.88575720093888e-08,-3.7164440366209e-08,-1.53043165428049e-10,0.104569536374396
"HBUDC3","2016-06-23","time_2","HBUD","C","HBUDC",3.82428925711992,0.00753044744150066,3.10103825640997e-05,0.999482376703454,-5.53845478830308e-08,-1.09058284785324e-07,-4.49102016745965e-10,0.629697074612772
"HBUDC4","2016-06-23","time_2","HBUD","C","HBUDC",0.922030937954745,0.0018145440488121,7.47229239300825e-06,0.999615657076269,-7.21702848302446e-09,-1.42030115746748e-08,-5.84880016645107e-11,0.00486065299667713
"HBUDC5","2016-06-23","time_2","HBUD","C","HBUDC",2.90801806343215,0.00572620837841703,2.35805261023213e-05,0.999785800002226,-1.24149446763708e-08,-2.4446395680058e-08,-1.00670257410479e-10,0.015138773352893
"HBUHA1","2016-06-23","time_2","HBUH","A","HBUHA",1.18899618645144,0.000804036936024478,3.3110241025488e-06,0.997894356318541,1.08383236035546e-07,7.32921821040653e-08,3.01817205904541e-10,0.210891620223206
"HBUHA2","2016-06-23","time_2","HBUH","A","HBUHA",0.846110400933451,0.000571691075046548,2.35422384704169e-06,0.996738501175811,8.20330126197946e-08,5.54272127161879e-08,2.28249261965262e-10,0.322059182187184
"HBUHA3","2016-06-23","time_2","HBUH","A","HBUHA",1.81418907169143,0.00122375281399508,5.03941408803174e-06,0.999522740020372,9.23024527391699e-09,6.2262190882285e-09,2.5639570205325e-11,0.00259373710865623
"HBUHA4","2016-06-23","time_2","HBUH","A","HBUHA",-0.354289891206855,-0.000238785447109472,-9.83318471196804e-07,0.852584862481595,-5.55170896633345e-08,-3.74175877057015e-08,-1.54085626172079e-10,0.100903836011891
"HBUHA5","2016-06-23","time_2","HBUH","A","HBUHA",0.423349577306288,0.000286044439004325,1.17793099981981e-06,0.985895357530311,-7.51374581662068e-08,-5.07680962057839e-08,-2.09063020175418e-10,0.186845015350735
"HBUHB1","2016-06-23","time_2","HBUH","B","HBUHB",1.6609311814493,0.00112410799384868,4.62907671866887e-06,0.999673343362807,-2.59422812790611e-08,-1.75575761898921e-08,-7.23020987499758e-11,0.0192089417579403
"HBUHB2","2016-06-23","time_2","HBUH","B","HBUHB",1.63078800448401,0.00110279057693542,4.54129159582007e-06,0.999251763060383,1.21859835779359e-07,8.2405486326161e-08,3.39345792691131e-10,0.4860181863415
"HBUHB3","2016-06-23","time_2","HBUH","B","HBUHB",1.61456200904355,0.00108909530586824,4.48489446956543e-06,0.999603070032371,-6.2029392731837e-08,-4.18416388294189e-08,-1.72303868699547e-10,0.128201022963526
"HBUHB4","2016-06-23","time_2","HBUH","B","HBUHB",1.05467584376601,0.000713205259683386,2.93697925937618e-06,0.999474636609473,2.94577792020784e-08,1.99202846919241e-08,8.20317323613433e-11,0.0659822708586756
"HBUHB5","2016-06-23","time_2","HBUH","B","HBUHB",1.39020635544376,0.000936194312807828,3.85524818014264e-06,0.99966761143134,1.30405797635395e-08,8.78180175377315e-09,3.61634596220378e-11,0.00370706384723859
"HBUHC1","2016-06-23","time_2","HBUH","C","HBUHC",1.93820352696773,0.00130849569408932,5.38838526825983e-06,0.999758577548637,-5.4192582798814e-09,-3.65858178757755e-09,-1.50660398012444e-11,0.000666421153400183
"HBUHC2","2016-06-23","time_2","HBUH","C","HBUHC",1.79510104703261,0.00121289520405739,4.99470245030831e-06,0.999560768505516,3.5628518095203e-08,2.40731065233224e-08,9.91330526630418e-11,0.0234417107952419
"HBUHC3","2016-06-23","time_2","HBUH","C","HBUHC",2.10865585877733,0.0014211986978318,5.85249623767135e-06,0.999379958315568,4.93465368496532e-08,3.32587385567507e-08,1.36959485376699e-10,0.0737326535898395
"HBUHC4","2016-06-23","time_2","HBUH","C","HBUHC",0.623839312337639,0.00042045723803628,1.7314429062334e-06,0.970933943553302,5.97202198408151e-08,4.02504269811045e-08,1.65751258308188e-10,0.145115567881645
"HBUHC5","2016-06-23","time_2","HBUH","C","HBUHC",1.50770361473834,0.00101870949631444,4.19504570582287e-06,0.999371462358589,-6.26933463126142e-08,-4.23599881436075e-08,-1.74438431175376e-10,0.101411751043867
"HBLDA1","2016-06-23","time_2","HBLD","A","HBLDA",1.77993368699298,0.00350488579134087,1.44331196887417e-05,0.999779411830529,4.93728726290644e-09,9.72206330043872e-09,4.00354566712066e-11,0.00604456763135077
"HBLDA2","2016-06-23","time_2","HBLD","A","HBLDA",1.10539890538633,0.00217603102383783,8.96089575616417e-06,0.99979908392518,-3.04313146833742e-08,-5.99055096983751e-08,-2.46690888937909e-10,0.287996647516435
"HBLDA3","2016-06-23","time_2","HBLD","A","HBLDA",1.45468256693935,0.00286524816217614,1.17990919318414e-05,0.999221737035065,-1.20076789425349e-08,-2.36511942907842e-08,-9.73956180894495e-11,0.0446809241145462
"HBLDA4","2016-06-23","time_2","HBLD","A","HBLDA",1.17527537805624,0.00231358622823072,9.52734808785409e-06,0.999492250040845,-3.78370394527623e-08,-7.4484035851846e-08,-3.06725259637902e-10,0.209690727554225
"HBLDA5","2016-06-23","time_2","HBLD","A","HBLDA",1.14590036899093,0.00225382770262177,9.28126247939646e-06,0.99979277604583,-4.9856595575095e-08,-9.80610350658228e-08,-4.03815342401058e-10,0.230801849009052
"HBLDB1","2016-06-23","time_2","HBLD","B","HBLDB",2.41420958801696,0.00474570254421382,1.95428030770725e-05,0.999624483414456,-4.86358465306487e-08,-9.5605311885983e-08,-3.93702674346478e-10,0.439901841113228
"HBLDB2","2016-06-23","time_2","HBLD","B","HBLDB",1.85711852203911,0.00365895909767591,1.50675935642294e-05,0.999592034259513,-3.63553882514316e-08,-7.16286424444555e-08,-2.94966749586268e-10,0.336333279934437
"HBLDB3","2016-06-23","time_2","HBLD","B","HBLDB",1.66679924538247,0.00327742687947891,1.34964438896941e-05,0.999735641715027,-3.99777692455557e-08,-7.8608276233605e-08,-3.23708881529985e-10,0.25461741129364
"HBLDB4","2016-06-23","time_2","HBLD","B","HBLDB",1.09235789629802,0.0021522012812565,8.86276487621426e-06,0.99970988996857,-3.59347369583092e-08,-7.07998607282356e-08,-2.91553826478874e-10,0.14893058612271
"HBLDB5","2016-06-23","time_2","HBLD","B","HBLDB",1.19712207523302,0.00235793835982975,9.70999016577891e-06,0.99981557760116,3.15529294161011e-09,6.21489354966105e-09,2.55929316375042e-11,0.0018521512823711
"HBLDC1","2016-06-23","time_2","HBLD","C","HBLDC",12.9109692092897,0.0254013501208077,0.000104602759797486,0.999121259906641,-3.6728998121367e-08,-7.22615107931667e-08,-2.97572901446261e-10,0.521601121765179
"HBLDC2","2016-06-23","time_2","HBLD","C","HBLDC",0.566536113047592,0.00111557210665333,4.59392593519842e-06,0.897044763156678,-3.85585912281938e-08,-7.59261198983925e-08,-3.1266376174158e-10,0.32859894455157
"HBLDC3","2016-06-23","time_2","HBLD","C","HBLDC",3.88816588657214,0.00766278443234867,3.15553462924118e-05,0.999058978174171,9.8783583508372e-10,1.94682358716673e-09,8.0170195319526e-12,0.00104908780474544
"HBLDC4","2016-06-23","time_2","HBLD","C","HBLDC",2.81101530108897,0.00551465753377251,2.27093597240752e-05,0.998573489987749,-4.0020601770331e-08,-7.85125264075823e-08,-3.23314583746424e-10,0.170161819387099
"HBLDC5","2016-06-23","time_2","HBLD","C","HBLDC",4.3653138567825,0.00859333072871826,3.53873359408618e-05,0.999368106629555,-3.12779779504992e-08,-6.15722071476221e-08,-2.53554349033908e-10,0.127058553119579
"HBLHA1","2016-06-23","time_2","HBLH","A","HBLHA",1.41948142606526,0.00279032800158643,1.14905707105329e-05,0.999769407613594,-7.56152194737479e-08,-1.48639679512088e-07,-6.12098200230779e-10,0.691414800225227
"HBLHA2","2016-06-23","time_2","HBLH","A","HBLHA",1.83639843829255,0.00361297428072324,1.48782280880183e-05,0.999846206990685,-9.26573148870385e-08,-1.82296221030882e-07,-7.50695838205173e-10,0.817420081998189
"HBLHA3","2016-06-23","time_2","HBLH","A","HBLHA",1.75407283894751,0.00345593493139368,1.42315400474792e-05,0.999409862780028,-6.18017126771256e-08,-1.21763870301412e-07,-5.01423617901215e-10,0.455468184770614
"HBLHA4","2016-06-23","time_2","HBLH","A","HBLHA",1.68598795713949,0.00331800082628735,1.36635274026513e-05,0.999686195070443,-9.17656106507553e-08,-1.80593444143313e-07,-7.43683802982163e-10,0.509473749282471
"HBLHA5","2016-06-23","time_2","HBLH","A","HBLHA",1.29812791180602,0.00255542736222674,1.05232498776497e-05,0.999706118938277,-3.69406343807802e-08,-7.27194192622567e-08,-2.99458568521973e-10,0.217141056941758
"HBLHB1","2016-06-23","time_2","HBLH","B","HBLHB",4.07165314780158,0.00801066794453974,3.29879305956146e-05,0.998449547181222,-8.50719450189775e-08,-1.67372582635416e-07,-6.89240295292642e-10,0.681340721575971
"HBLHB2","2016-06-23","time_2","HBLH","B","HBLHB",2.70436645258021,0.00532671607140348,2.19354167820395e-05,0.999405118790176,-9.78944080150624e-08,-1.92819917573244e-07,-7.94032420566617e-10,0.663231637711273
"HBLHB3","2016-06-23","time_2","HBLH","B","HBLHB",1.83766366402245,0.00362166145359056,1.49140018658859e-05,0.999061394148819,-4.43853296419888e-08,-8.74744604338746e-08,-3.60219828066696e-10,0.253405205131026
"HBLHB4","2016-06-23","time_2","HBLH","B","HBLHB",2.10911213948477,0.00415188890264717,1.7097478501101e-05,0.999102653798128,-8.1585979672915e-08,-1.60605933309133e-07,-6.61375233367011e-10,0.56374567133052
"HBLHB5","2016-06-23","time_2","HBLH","B","HBLHB",1.29238788590422,0.0025455808016569,1.04827017412231e-05,0.999660049234895,-9.15603080601038e-08,-1.80343815454848e-07,-7.42655832043064e-10,0.598293459915263
"HBLHC1","2016-06-23","time_2","HBLH","C","HBLHC",20.1907836193312,0.0397692300526464,0.000163769689356798,0.998121598534855,-9.57493053293055e-08,-1.88594767930476e-07,-7.766332543377e-10,0.736236456749268
"HBLHC2","2016-06-23","time_2","HBLH","C","HBLHC",18.7747036314494,0.0369694626689553,0.000152240247270758,0.998223303658977,-1.21310954001401e-07,-2.38874651410086e-07,-9.83685814506734e-10,0.78668829651241
"HBLHC3","2016-06-23","time_2","HBLH","C","HBLHC",9.78019088756651,0.0192362841969735,7.92150183231371e-05,0.99910875982763,-1.52241064105424e-08,-2.99437138727491e-08,-1.23308213727981e-10,0.0903971409435006
"HBLHC4","2016-06-23","time_2","HBLH","C","HBLHC",6.33653830274311,0.0124666572565346,5.13376945824095e-05,0.998956449998565,-1.11226496040005e-07,-2.18829672879239e-07,-9.01140592916707e-10,0.706529223083082
"HBLHC5","2016-06-23","time_2","HBLH","C","HBLHC",6.51276193396117,0.0128280076946513,5.2825735686574e-05,0.99937035983167,-7.71910515615361e-08,-1.52041086935193e-07,-6.26105195999126e-10,0.307281599829682
